-- phpMyAdmin SQL Dump
-- version 5.0.2
-- https://www.phpmyadmin.net/
--
-- Host: 127.0.0.1
-- Generation Time: May 18, 2020 at 07:43 AM
-- Server version: 10.4.11-MariaDB
-- PHP Version: 7.2.30

SET SQL_MODE = "NO_AUTO_VALUE_ON_ZERO";
START TRANSACTION;
SET time_zone = "+00:00";


/*!40101 SET @OLD_CHARACTER_SET_CLIENT=@@CHARACTER_SET_CLIENT */;
/*!40101 SET @OLD_CHARACTER_SET_RESULTS=@@CHARACTER_SET_RESULTS */;
/*!40101 SET @OLD_COLLATION_CONNECTION=@@COLLATION_CONNECTION */;
/*!40101 SET NAMES utf8mb4 */;

--
-- Database: `webapi`
--

-- --------------------------------------------------------

--
-- Table structure for table `count`
--

CREATE TABLE `count` (
  `ID` int(11) NOT NULL,
  `DIST_ID` int(11) NOT NULL,
  `notes` varchar(50) NOT NULL,
  `active` int(11) NOT NULL,
  `confirmed` int(11) NOT NULL,
  `deceased` int(11) NOT NULL,
  `recovered` int(11) NOT NULL,
  `STATUS_CODE` int(11) NOT NULL
) ENGINE=InnoDB DEFAULT CHARSET=utf8mb4;

--
-- Dumping data for table `count`
--

INSERT INTO `count` (`ID`, `DIST_ID`, `notes`, `active`, `confirmed`, `deceased`, `recovered`, `STATUS_CODE`) VALUES
(1, 361, '', 14599, 18555, 696, 3260, 0),
(2, 376, '', 3021, 3834, 47, 766, 0),
(3, 369, '', 2007, 3647, 188, 1452, 0),
(4, 348, '', 588, 873, 25, 260, 0),
(5, 366, '', 535, 835, 35, 265, 0),
(6, 370, '', 303, 414, 12, 99, 0),
(7, 375, '', 240, 371, 22, 109, 0),
(8, 363, '', 191, 352, 2, 159, 0),
(9, 357, '', 168, 250, 30, 52, 0),
(10, 346, '', 151, 236, 14, 71, 0),
(11, 373, '', 71, 131, 2, 58, 0),
(12, 347, '', 33, 102, 13, 56, 0),
(13, 379, '', 49, 99, 0, 50, 0),
(14, 371, '', 75, 91, 3, 13, 0),
(15, 353, '', 45, 77, 8, 24, 0),
(16, 345, '', 34, 72, 3, 35, 0),
(17, 356, '', -15, 66, 0, 81, 0),
(18, 364, '', 31, 59, 4, 24, 0),
(19, 372, '', 14, 45, 1, 30, 0),
(20, 360, '', 12, 34, 1, 21, 0),
(21, 359, '', 18, 27, 1, 8, 0),
(22, 351, '', 1, 26, 1, 24, 0),
(23, 365, '', 4, 22, 2, 16, 0),
(24, 358, '', 14, 21, 0, 7, 0),
(25, 374, '', 8, 10, 0, 2, 0),
(26, 367, '', 4, 7, 0, 3, 0),
(27, 368, '', 4, 6, 1, 1, 0),
(28, 352, '', 3, 5, 0, 2, 0),
(29, 378, '', 2, 3, 0, 1, 0),
(30, 377, '', 1, 2, 1, 0, 0),
(31, 349, '', 0, 1, 0, 1, 0),
(32, 350, '', 0, 1, 0, 1, 0),
(33, 355, '', 0, 1, 0, 1, 0),
(34, 354, '', 0, 0, 0, 0, 0),
(35, 362, '', 0, 0, 0, 0, 0);

-- --------------------------------------------------------

--
-- Table structure for table `district`
--

CREATE TABLE `district` (
  `ID` int(11) NOT NULL,
  `NAME` varchar(50) NOT NULL,
  `STATE_ID` int(11) NOT NULL,
  `STATUS_CODE` int(11) NOT NULL
) ENGINE=InnoDB DEFAULT CHARSET=utf8mb4;

--
-- Dumping data for table `district`
--

INSERT INTO `district` (`ID`, `NAME`, `STATE_ID`, `STATUS_CODE`) VALUES
(1, 'Nicobar', 1, 0),
(2, 'North and Middle Andaman', 1, 0),
(3, 'South Andaman', 1, 0),
(4, 'Adilabad', 2, 0),
(5, 'Adilabad', 2, 0),
(6, 'Anantapur', 2, 0),
(7, 'Chittoor', 2, 0),
(8, 'East Godavari', 2, 0),
(9, 'Guntur', 2, 0),
(10, 'Hyderabad', 2, 0),
(11, 'Kadapa', 2, 0),
(12, 'Karimnagar', 2, 0),
(13, 'Khammam', 2, 0),
(14, 'Krishna', 2, 0),
(15, 'Kurnool', 2, 0),
(16, 'Mahabubnagar', 2, 0),
(17, 'Medak', 2, 0),
(18, 'Nalgonda', 2, 0),
(19, 'Nellore', 2, 0),
(20, 'Nizamabad', 2, 0),
(21, 'Prakasam', 2, 0),
(22, 'Rangareddy', 2, 0),
(23, 'Srikakulam', 2, 0),
(24, 'Visakhapatnam', 2, 0),
(25, 'Vizianagaram', 2, 0),
(26, 'Warangal', 2, 0),
(27, 'West Godavari', 2, 0),
(28, 'Anjaw', 3, 0),
(29, 'Changlang', 3, 0),
(30, ' Dibang Valley', 3, 0),
(31, 'East Kameng', 3, 0),
(32, 'East Siang', 3, 0),
(33, 'Kurung Kumey', 3, 0),
(34, 'Lohit', 3, 0),
(35, 'Lower Dibang Valley', 3, 0),
(36, 'Lower Subansiri', 3, 0),
(37, 'Papum Pare', 3, 0),
(38, 'Tawang', 3, 0),
(39, 'Tirap', 3, 0),
(40, 'Upper Siang', 3, 0),
(41, 'Upper Subansiri', 3, 0),
(42, 'West Kameng', 3, 0),
(43, 'West Siang', 3, 0),
(44, 'Baksa', 4, 0),
(45, 'Barpeta', 4, 0),
(46, 'Bongaigaon', 4, 0),
(47, 'Cachar', 4, 0),
(48, 'Chirang', 4, 0),
(49, 'Darrang', 4, 0),
(50, 'Dhemaji', 4, 0),
(51, 'Dhubri', 4, 0),
(52, 'Dibrugarh', 4, 0),
(53, 'Goalpara', 4, 0),
(54, 'Golaghat', 4, 0),
(55, 'Hailakandi', 4, 0),
(56, 'Jorhat', 4, 0),
(57, 'Kamrup', 4, 0),
(58, 'Kamrup Metropolitan', 4, 0),
(59, 'Karbi Anglong', 4, 0),
(60, 'Karimganj', 4, 0),
(61, 'Kokrajhar', 4, 0),
(62, 'Lakhimpur', 4, 0),
(63, 'Morigaon', 4, 0),
(64, 'Nagaon', 4, 0),
(65, 'Nalbari', 4, 0),
(66, 'North Cachar Hills', 4, 0),
(67, 'Sivasagar', 4, 0),
(68, 'Sonitpur', 4, 0),
(69, 'Tinsukia', 4, 0),
(70, 'Udalguri', 4, 0),
(71, 'Araria', 5, 0),
(72, 'Arwal', 5, 0),
(73, 'Aurangabad', 5, 0),
(74, 'Banka', 5, 0),
(75, 'Begusarai', 5, 0),
(76, 'Bhagalpur', 5, 0),
(77, 'Bhojpur', 5, 0),
(78, 'Buxar', 5, 0),
(79, 'Darbhanga', 5, 0),
(80, 'East Champaran', 5, 0),
(81, 'Gaya', 5, 0),
(82, 'Gopalganj', 5, 0),
(83, 'Jamui', 5, 0),
(84, 'Jehanabad', 5, 0),
(85, 'Kaimur (Bhabua)', 5, 0),
(86, 'Katihar', 5, 0),
(87, 'Khagaria', 5, 0),
(88, ' Kishanganj', 5, 0),
(89, 'Lakhisarai', 5, 0),
(90, ' Madhepura', 5, 0),
(91, 'Madhubani', 5, 0),
(92, ' Munger', 5, 0),
(93, ' Muzaffarpur', 5, 0),
(94, 'Nalanda', 5, 0),
(95, 'Nawada', 5, 0),
(96, 'Patna', 5, 0),
(97, ' Purnea', 5, 0),
(98, ' Rohtas', 5, 0),
(99, 'Saharsa', 5, 0),
(100, 'Samastipur', 5, 0),
(101, 'Saran', 5, 0),
(102, 'Sheikhpura', 5, 0),
(103, 'Sheohar', 5, 0),
(104, 'Sitamarhi', 5, 0),
(105, 'Siwan', 5, 0),
(106, 'Supaul', 5, 0),
(107, 'Vaishali', 5, 0),
(108, 'West Champaran', 5, 0),
(109, 'Chandigarh', 6, 0),
(110, 'Bastar', 7, 0),
(111, 'Bijapur', 7, 0),
(112, 'Bilaspur', 7, 0),
(113, 'Dhamtari', 7, 0),
(114, 'Durg', 7, 0),
(115, 'Janjgir-Champa', 7, 0),
(116, 'Jashpur', 7, 0),
(117, 'Kabirdham-Kawardha', 7, 0),
(118, 'Korba', 7, 0),
(119, 'Korea', 7, 0),
(120, 'Mahasamund', 7, 0),
(121, 'Narayanpur', 7, 0),
(122, 'Norh Bastar-Kanker', 7, 0),
(123, 'Raigarh', 7, 0),
(124, 'Raipur', 7, 0),
(125, 'Rajnandgaon', 7, 0),
(126, 'South Bastar-Dantewada', 7, 0),
(127, 'Surguja', 7, 0),
(128, 'Dadra & Nagar Haveli', 8, 0),
(129, 'Daman and Diu', 9, 0),
(130, 'Central Delhi', 10, 0),
(131, 'East Delhi', 10, 0),
(132, 'New Delhi', 10, 0),
(133, 'North Delhi', 10, 0),
(134, 'North East Delhi', 10, 0),
(135, 'North West Delhi', 10, 0),
(136, 'South Delhi', 10, 0),
(137, 'South West Delhi', 10, 0),
(138, 'West Delhi', 10, 0),
(139, 'North Goa', 11, 0),
(140, 'South Goa', 11, 0),
(141, 'Ahmedabad', 12, 0),
(142, 'Amreli', 12, 0),
(143, 'Anand', 12, 0),
(144, 'Banaskantha', 12, 0),
(145, 'Bharuch', 12, 0),
(146, 'Bhavnagar', 12, 0),
(147, 'Dahod', 12, 0),
(148, 'Dang', 12, 0),
(149, 'Gandhinagar', 12, 0),
(150, 'Jamnagar', 12, 0),
(151, 'Junagadh', 12, 0),
(152, 'Kheda', 12, 0),
(153, 'Kutch', 12, 0),
(154, 'Mehsana', 12, 0),
(155, 'Narmada', 12, 0),
(156, 'Navsari', 12, 0),
(157, 'Panchmahals', 12, 0),
(158, 'Patan', 12, 0),
(159, 'Porbandar', 12, 0),
(160, 'Rajkot', 12, 0),
(161, 'Sabarkantha', 12, 0),
(162, 'Surat', 12, 0),
(163, 'Surendranagar', 12, 0),
(164, 'Vadodara', 12, 0),
(165, 'Valsad', 12, 0),
(166, 'Ambala', 13, 0),
(167, 'Bhiwani', 13, 0),
(168, 'Faridabad', 13, 0),
(169, 'Fatehabad', 13, 0),
(170, 'Gurgaon', 13, 0),
(171, 'Hisar', 13, 0),
(172, 'Jhajjar', 13, 0),
(173, 'Jind', 13, 0),
(174, 'Kaithal', 13, 0),
(175, 'Karnal', 13, 0),
(176, 'Kurukshetra', 13, 0),
(177, 'Mahendragarh', 13, 0),
(178, 'Mewat', 13, 0),
(179, 'Palwal', 13, 0),
(180, 'Panchkula', 13, 0),
(181, 'Panipat', 13, 0),
(182, 'Rewari', 13, 0),
(183, 'Rohtak', 13, 0),
(184, 'Sirsa', 13, 0),
(185, 'Sonipat', 13, 0),
(186, 'Yamunanagar', 13, 0),
(187, 'Bilaspur', 14, 0),
(188, 'Chamba', 14, 0),
(189, 'Hamirpur', 14, 0),
(190, 'Kangra', 14, 0),
(191, 'Kinnaur', 14, 0),
(192, 'Kullu', 14, 0),
(193, 'Lahaul & Spiti', 14, 0),
(194, 'Mandi', 14, 0),
(195, 'Shimla', 14, 0),
(196, 'Sirmaur', 14, 0),
(197, 'Solan', 14, 0),
(198, 'Una', 14, 0),
(199, 'Anantnag', 15, 0),
(200, 'Baramulla', 15, 0),
(201, 'Budgam', 15, 0),
(202, 'Doda', 15, 0),
(203, 'Jammu', 15, 0),
(204, 'Kargil', 15, 0),
(205, 'Kathua', 15, 0),
(206, 'Kupwara', 15, 0),
(207, 'Leh', 15, 0),
(208, 'Poonch', 15, 0),
(209, 'Pulwama', 15, 0),
(210, 'Rajouri', 15, 0),
(211, 'Samba', 15, 0),
(212, 'Srinagar', 15, 0),
(213, 'Udhampur', 15, 0),
(214, 'Bokaro', 16, 0),
(215, 'Chatra', 16, 0),
(216, 'Deoghar', 16, 0),
(217, 'Dhanbad', 16, 0),
(218, 'Dumka', 16, 0),
(219, 'East Singhbhum', 16, 0),
(220, 'Garhwa', 16, 0),
(221, 'Giridih', 16, 0),
(222, 'Godda', 16, 0),
(223, 'Gumla', 16, 0),
(224, 'Hazaribag', 16, 0),
(225, 'Jamtara', 16, 0),
(226, 'Khunti', 16, 0),
(227, 'Koderma', 16, 0),
(228, 'Latehar', 16, 0),
(229, 'Lohardaga', 16, 0),
(230, 'Pakur', 16, 0),
(231, 'Palamu', 16, 0),
(232, 'Ramgarh', 16, 0),
(233, 'Ranchi', 16, 0),
(234, 'Sahibganj', 16, 0),
(235, 'Seraikela-Kharsawan', 16, 0),
(236, 'Simdega', 16, 0),
(237, 'West Singhbhum', 16, 0),
(238, 'Bagalkot', 17, 0),
(239, 'Bangalore', 17, 0),
(240, 'Bangalore Rural', 17, 0),
(241, 'Belgaum', 17, 0),
(242, 'Bellary', 17, 0),
(243, 'Bidar', 17, 0),
(244, 'Bijapur', 17, 0),
(245, 'Chamrajanagar', 17, 0),
(246, 'Chickmagalur', 17, 0),
(247, 'Chikballapur', 17, 0),
(248, 'Chitradurga', 17, 0),
(249, 'Dakshina Kannada', 17, 0),
(250, 'Davangere', 17, 0),
(251, 'Dharwad', 17, 0),
(252, 'Gadag', 17, 0),
(253, 'Gulbarga', 17, 0),
(254, 'Hassan', 17, 0),
(255, 'Haveri', 17, 0),
(256, 'Kodagu', 17, 0),
(257, 'Kolar', 17, 0),
(258, 'Koppal', 17, 0),
(259, 'Mandya', 17, 0),
(260, 'Mysore', 17, 0),
(261, 'Raichur', 17, 0),
(262, 'Shimoga', 17, 0),
(263, 'Tumkur', 17, 0),
(264, 'Udupi', 17, 0),
(265, 'Uttara Kannada', 17, 0),
(266, 'Alappuzha', 18, 0),
(267, 'Ernakulam', 18, 0),
(268, 'Idukki', 18, 0),
(269, 'Kannur', 18, 0),
(270, 'Kasargod', 18, 0),
(271, 'Kollam', 18, 0),
(272, 'Kottayam', 18, 0),
(273, 'Kozhikode', 18, 0),
(274, 'Malappuram', 18, 0),
(275, 'Palakkad', 18, 0),
(276, 'Pathanamthitta', 18, 0),
(277, 'Thiruvananthapuram', 18, 0),
(278, 'Thrissur', 18, 0),
(279, 'Wayanad', 18, 0),
(280, 'Kupwara', 19, 0),
(281, ' Bandipur', 19, 0),
(282, ' Ganderbal', 19, 0),
(283, ' Srinagar', 19, 0),
(284, ' Budgam', 19, 0),
(285, ' Pulwama', 19, 0),
(286, ' Shopian', 19, 0),
(287, ' Kulgam', 19, 0),
(288, ' Rajouri', 19, 0),
(289, ' Ramban', 19, 0),
(290, ' Doda', 19, 0),
(291, ' Kishtwar', 19, 0),
(292, ' Samba', 19, 0),
(293, 'Kargil', 19, 0),
(294, 'Lakshadweep', 20, 0),
(295, 'Alirajpur', 21, 0),
(296, 'Anuppur', 21, 0),
(297, 'Ashoknagar', 21, 0),
(298, 'Balaghat', 21, 0),
(299, 'Barwani', 21, 0),
(300, 'Betul', 21, 0),
(301, 'Bhind', 21, 0),
(302, 'Bhopal', 21, 0),
(303, 'Burhanpur', 21, 0),
(304, 'Chhatarpur', 21, 0),
(305, 'Chhindwara', 21, 0),
(306, 'Damoh', 21, 0),
(307, 'Datia', 21, 0),
(308, 'Dewas', 21, 0),
(309, 'Dhar', 21, 0),
(310, 'Dindori', 21, 0),
(311, 'Guna', 21, 0),
(312, 'Gwalior', 21, 0),
(313, 'Harda', 21, 0),
(314, 'Hoshangabad', 21, 0),
(315, 'Indore', 21, 0),
(316, 'Jabalpur', 21, 0),
(317, 'Jhabua', 21, 0),
(318, 'Katni', 21, 0),
(319, 'Khandwa', 21, 0),
(320, 'Khargone', 21, 0),
(321, 'Mandla', 21, 0),
(322, 'Mandsaur', 21, 0),
(323, 'Morena', 21, 0),
(324, 'Narsinghpur', 21, 0),
(325, 'Neemuch', 21, 0),
(326, 'Panna', 21, 0),
(327, 'Raisen', 21, 0),
(328, 'Rajgarh', 21, 0),
(329, 'Ratlam', 21, 0),
(330, 'Rewa', 21, 0),
(331, 'Sagar', 21, 0),
(332, 'Satna', 21, 0),
(333, 'Sehore', 21, 0),
(334, 'Seoni', 21, 0),
(335, 'Shahdol', 21, 0),
(336, 'Shajapur', 21, 0),
(337, 'Sheopur', 21, 0),
(338, 'Shivpuri', 21, 0),
(339, 'Sidhi', 21, 0),
(340, 'Singrauli', 21, 0),
(341, 'Tikamgarh', 21, 0),
(342, 'Ujjain', 21, 0),
(343, 'Umaria', 21, 0),
(344, 'Vidisha', 21, 0),
(345, 'Ahmednagar', 22, 0),
(346, 'Akola', 22, 0),
(347, 'Amravati', 22, 0),
(348, 'Aurangabad', 22, 0),
(349, 'Beed', 22, 0),
(350, 'Bhandara', 22, 0),
(351, 'Buldhana', 22, 0),
(352, 'Chandrapur', 22, 0),
(353, 'Dhule', 22, 0),
(354, 'Gadchiroli', 22, 0),
(355, 'Gondia', 22, 0),
(356, 'Hingoli', 22, 0),
(357, 'Jalgaon', 22, 0),
(358, 'Jalna', 22, 0),
(359, 'Kolhapur', 22, 0),
(360, 'Latur', 22, 0),
(361, 'Mumbai City', 22, 0),
(362, 'Mumbai Suburban', 22, 0),
(363, 'Nagpur', 22, 0),
(364, 'Nanded', 22, 0),
(365, 'Nandurbar', 22, 0),
(366, 'Nashik', 22, 0),
(367, 'Osmanabad', 22, 0),
(368, 'Parbhani', 22, 0),
(369, 'Pune', 22, 0),
(370, 'Raigad', 22, 0),
(371, 'Ratnagiri', 22, 0),
(372, 'Sangli', 22, 0),
(373, 'Satara', 22, 0),
(374, 'Sindhudurg', 22, 0),
(375, 'Solapur', 22, 0),
(376, 'Thane', 22, 0),
(377, 'Wardha', 22, 0),
(378, 'Washim', 22, 0),
(379, 'Yavatmal', 22, 0),
(380, 'Bishnupur', 23, 0),
(381, 'Chandel', 23, 0),
(382, 'Churachandpur', 23, 0),
(383, 'Imphal East', 23, 0),
(384, 'Imphal West', 23, 0),
(385, 'Senapati', 23, 0),
(386, 'Tamenglong', 23, 0),
(387, 'Thoubal', 23, 0),
(388, 'Ukhrul', 23, 0),
(389, 'West Khasi Hills', 24, 0),
(390, 'West Jaintia Hills', 24, 0),
(391, 'West Garo Hills', 24, 0),
(392, 'South West Khasi Hills', 24, 0),
(393, 'South West Garo Hills', 24, 0),
(394, 'South Garo Hills', 24, 0),
(395, 'Ribhoi', 24, 0),
(396, 'North Garo Hills', 24, 0),
(397, 'East Khasi Hills', 24, 0),
(398, 'East Jaintia Hills', 24, 0),
(399, 'East Garo Hills', 24, 0),
(400, 'Aizawl', 25, 0),
(401, 'Champhai', 25, 0),
(402, 'Hnahthial', 25, 0),
(403, 'Khawzawl', 25, 0),
(404, 'Kolasib', 25, 0),
(405, 'Lawngtlai', 25, 0),
(406, 'Lunglei', 25, 0),
(407, 'Mamit', 25, 0),
(408, 'Saiha', 25, 0),
(409, 'Saitual', 25, 0),
(410, 'Serchhip', 25, 0),
(411, 'Dimapur', 26, 0),
(412, 'Kephrie', 26, 0),
(413, 'Kohima', 26, 0),
(414, 'Longleng', 26, 0),
(415, 'Mokokchung', 26, 0),
(416, 'Mon', 26, 0),
(417, 'Peren', 26, 0),
(418, 'Phek', 26, 0),
(419, 'Tuensang', 26, 0),
(420, 'Wokha', 26, 0),
(421, 'Zunheboto', 26, 0),
(422, 'Angul', 27, 0),
(423, 'Balangir', 27, 0),
(424, 'Balasore', 27, 0),
(425, 'Bargarh', 27, 0),
(426, 'Bhadrak', 27, 0),
(427, 'Boudh', 27, 0),
(428, 'Cuttack', 27, 0),
(429, 'Deogarh', 27, 0),
(430, 'Dhenkanal', 27, 0),
(431, 'Gajapati', 27, 0),
(432, 'Ganjam', 27, 0),
(433, 'Jagatsinghapur', 27, 0),
(434, 'Jajpur', 27, 0),
(435, 'Jharsuguda', 27, 0),
(436, 'Kalahandi', 27, 0),
(437, 'Kandhamal', 27, 0),
(438, 'Kendrapara', 27, 0),
(439, 'Kendujhar', 27, 0),
(440, 'Khordha', 27, 0),
(441, 'Koraput', 27, 0),
(442, 'Malkangiri', 27, 0),
(443, 'Mayurbhanj', 27, 0),
(444, 'Nabarangpur', 27, 0),
(445, 'Nayagarh', 27, 0),
(446, 'Nuapada', 27, 0),
(447, 'Puri', 27, 0),
(448, 'Rayagada', 27, 0),
(449, 'Sambalpur', 27, 0),
(450, 'Subarnapur', 27, 0),
(451, 'Sundargarh', 27, 0),
(452, 'Karaikal', 28, 0),
(453, 'Mahe', 28, 0),
(454, 'Pondicherry', 28, 0),
(455, 'Yanam', 28, 0),
(456, 'Amritsar', 29, 0),
(457, 'Barnala', 29, 0),
(458, 'Bathinda', 29, 0),
(459, 'Faridkot', 29, 0),
(460, 'Fatehgarh Sahib', 29, 0),
(461, 'Ferozepur', 29, 0),
(462, 'Gurdaspur', 29, 0),
(463, 'Hoshiarpur', 29, 0),
(464, 'Jalandhar', 29, 0),
(465, 'Kapurthala', 29, 0),
(466, 'Ludhiana', 29, 0),
(467, 'Mansa', 29, 0),
(468, 'Moga', 29, 0),
(469, 'Muktsar', 29, 0),
(470, 'Nawanshahr', 29, 0),
(471, 'Patiala', 29, 0),
(472, 'Rupnagar', 29, 0),
(473, 'Sangrur', 29, 0),
(474, 'SAS Nagar', 29, 0),
(475, 'Tarn Taran', 29, 0),
(476, 'Ajmer', 30, 0),
(477, 'Alwar', 30, 0),
(478, 'Banswara', 30, 0),
(479, 'Baran', 30, 0),
(480, 'Barmer', 30, 0),
(481, 'Bharatpur', 30, 0),
(482, 'Bhilwara', 30, 0),
(483, 'Bikaner', 30, 0),
(484, 'Bundi', 30, 0),
(485, 'Chittorgarh', 30, 0),
(486, 'Churu', 30, 0),
(487, 'Dausa', 30, 0),
(488, 'Dholpur', 30, 0),
(489, 'Dungarpur', 30, 0),
(490, 'Hanumangarh', 30, 0),
(491, 'Jaipur', 30, 0),
(492, 'Jaisalmer', 30, 0),
(493, 'Jalore', 30, 0),
(494, 'Jhalawar', 30, 0),
(495, 'Jhunjhunu', 30, 0),
(496, 'Jodhpur', 30, 0),
(497, 'Karauli', 30, 0),
(498, 'Kota', 30, 0),
(499, 'Nagaur', 30, 0),
(500, 'Pali', 30, 0),
(501, 'Pratapgarh', 30, 0),
(502, 'Rajsamand', 30, 0),
(503, 'Sawai Madhopur', 30, 0),
(504, 'Sikar', 30, 0),
(505, 'Sirohi', 30, 0),
(506, 'Sri Ganganagar', 30, 0),
(507, 'Tonk', 30, 0),
(508, 'Udaipur', 30, 0),
(509, 'Gangtok', 31, 0),
(510, 'Mangan', 31, 0),
(511, 'Namchi', 31, 0),
(512, 'Geyzing', 31, 0),
(513, 'Ariyalur', 32, 0),
(514, 'Chennai', 32, 0),
(515, 'Coimbatore', 32, 0),
(516, 'Cuddalore', 32, 0),
(517, 'Dharmapuri', 32, 0),
(518, 'Dindigul', 32, 0),
(519, 'Erode', 32, 0),
(520, 'Kanchipuram', 32, 0),
(521, 'Kanyakumari', 32, 0),
(522, 'Karur', 32, 0),
(523, 'Krishnagiri', 32, 0),
(524, 'Madurai', 32, 0),
(525, 'Nagapattinam', 32, 0),
(526, 'Namakkal', 32, 0),
(527, 'Perambalur', 32, 0),
(528, 'Pudukkottai', 32, 0),
(529, 'Ramanathapuram', 32, 0),
(530, 'Salem', 32, 0),
(531, 'Sivaganga', 32, 0),
(532, 'Thanjavur', 32, 0),
(533, 'The Nilgiris', 32, 0),
(534, 'Theni', 32, 0),
(535, 'Thoothukudi', 32, 0),
(536, 'Tiruchirappalli', 32, 0),
(537, 'Tirunelveli', 32, 0),
(538, 'Tiruppur', 32, 0),
(539, 'Tiruvallur', 32, 0),
(540, 'Tiruvannamalai', 32, 0),
(541, 'Tiruvarur', 32, 0),
(542, 'Vellore', 32, 0),
(543, 'Viluppuram', 32, 0),
(544, 'Virudhunagar', 32, 0),
(545, 'Dhalai', 33, 0),
(546, 'North Tripura', 33, 0),
(547, 'South Tripura', 33, 0),
(548, 'West Tripura', 33, 0),
(549, 'Almora', 34, 0),
(550, 'Bageshwar', 34, 0),
(551, 'Chamoli', 34, 0),
(552, 'Champawat', 34, 0),
(553, 'Dehradun', 34, 0),
(554, 'Haridwar', 34, 0),
(555, 'Nainital', 34, 0),
(556, 'Pauri Garhwal', 34, 0),
(557, 'Pithoragarh', 34, 0),
(558, 'Rudraprayag', 34, 0),
(559, 'Tehri Garhwal', 34, 0),
(560, 'Udham Singh Nagar', 34, 0),
(561, 'Uttarkashi', 34, 0),
(562, 'Agra', 35, 0),
(563, 'Aligarh', 35, 0),
(564, 'Allahabad', 35, 0),
(565, 'Ambedkar Nagar', 35, 0),
(566, 'Auraiya', 35, 0),
(567, 'Azamgarh', 35, 0),
(568, 'Bagpat', 35, 0),
(569, 'Bahraich', 35, 0),
(570, 'Ballia', 35, 0),
(571, 'Balrampur', 35, 0),
(572, 'Banda', 35, 0),
(573, 'Barabanki', 35, 0),
(574, 'Bareilly', 35, 0),
(575, 'Basti', 35, 0),
(576, 'Bijnor', 35, 0),
(577, 'Budaun', 35, 0),
(578, 'Bulandshahar', 35, 0),
(579, 'Chandauli', 35, 0),
(580, 'Chitrakoot', 35, 0),
(581, 'Deoria', 35, 0),
(582, 'Etah', 35, 0),
(583, 'Etawah', 35, 0),
(584, 'Faizabad', 35, 0),
(585, 'Farrukhabad', 35, 0),
(586, 'Fatehpur', 35, 0),
(587, 'Firozabad', 35, 0),
(588, 'Gautam Buddha Nagar', 35, 0),
(589, 'Ghaziabad', 35, 0),
(590, 'Ghazipur', 35, 0),
(591, 'Gonda', 35, 0),
(592, 'Gorakhpur', 35, 0),
(593, 'Hamirpur', 35, 0),
(594, 'Hardoi', 35, 0),
(595, 'Hathras', 35, 0),
(596, 'Jalaun', 35, 0),
(597, 'Jaunpur', 35, 0),
(598, 'Jhansi', 35, 0),
(599, 'Jyotiba Phule Nagar', 35, 0),
(600, 'Kannauj', 35, 0),
(601, 'Kanpur Dehat', 35, 0),
(602, 'Kanpur Nagar', 35, 0),
(603, 'Kanshiramnagar', 35, 0),
(604, 'Kaushambi', 35, 0),
(605, 'Kheri', 35, 0),
(606, 'Kushinagar', 35, 0),
(607, 'Lalitpur', 35, 0),
(608, 'Lucknow', 35, 0),
(609, 'Maharajganj', 35, 0),
(610, 'Mahoba', 35, 0),
(611, 'Mainpuri', 35, 0),
(612, 'Mathura', 35, 0),
(613, 'Mau', 35, 0),
(614, 'Meerut', 35, 0),
(615, 'Mirzapur', 35, 0),
(616, 'Moradabad', 35, 0),
(617, 'Muzaffarnagar', 35, 0),
(618, 'Pilibhit', 35, 0),
(619, 'Pratapgarh', 35, 0),
(620, 'RaeBareli', 35, 0),
(621, 'Rampur', 35, 0),
(622, 'Saharanpur', 35, 0),
(623, 'Sant Kabir Nagar', 35, 0),
(624, 'Sant Ravidas Nagar', 35, 0),
(625, 'Shahjahanpur', 35, 0),
(626, 'Shravasti', 35, 0),
(627, 'Siddharthnagar', 35, 0),
(628, 'Sitapur', 35, 0),
(629, 'Sonbhadra', 35, 0),
(630, 'Sultanpur', 35, 0),
(631, 'Unnao', 35, 0),
(632, 'Varanasi', 35, 0),
(633, 'Bankura', 36, 0),
(634, 'Bardhaman', 36, 0),
(635, 'Birbhum', 36, 0),
(636, 'Cooch Behar', 36, 0),
(637, 'Darjeeling', 36, 0),
(638, 'East Medinipur', 36, 0),
(639, 'Hooghly', 36, 0),
(640, 'Howrah', 36, 0),
(641, 'Jalpaiguri', 36, 0),
(642, 'Malda', 36, 0),
(643, 'Murshidabad', 36, 0),
(644, 'Nadia', 36, 0),
(645, 'North 24 Parganas', 36, 0),
(646, 'North Dinajpur', 36, 0),
(647, 'Purulia', 36, 0),
(648, 'South 24 Parganas', 36, 0),
(649, 'South Dinajpur', 36, 0),
(650, 'West Medinipur', 36, 0);

-- --------------------------------------------------------

--
-- Table structure for table `state`
--

CREATE TABLE `state` (
  `ID` int(11) NOT NULL,
  `NAME` varchar(50) NOT NULL,
  `CODE` varchar(50) NOT NULL,
  `STATUS_CODE` int(50) DEFAULT NULL
) ENGINE=InnoDB DEFAULT CHARSET=utf8mb4;

--
-- Dumping data for table `state`
--

INSERT INTO `state` (`ID`, `NAME`, `CODE`, `STATUS_CODE`) VALUES
(1, 'Andaman Nicobar', 'AN', 0),
(2, 'Andhra Pradesh', 'AR', 0),
(3, 'Arunachal Pradesh', 'AP', 0),
(4, 'Assam', 'AS', 0),
(5, 'Bihar', 'BR', 0),
(6, 'Chandigadh', 'CH', 0),
(7, 'Chhattisgarh', 'CG', 0),
(8, 'Dadara Nagar Haveli', 'DN', 0),
(9, 'Daman & Diu', 'DD', 0),
(10, 'Delhi', 'DL', 0),
(11, 'Goa', 'GA', 0),
(12, 'Gujrat', 'GJ', 0),
(13, 'Hariyana', 'HR', 0),
(14, 'Himachal Pradesh', 'HP', 0),
(15, 'Jammu Kashmir', 'JK', 0),
(16, 'Jharkhand', 'JH', 0),
(17, 'Karnataka', 'KA', 0),
(18, 'Keral', 'KL', 0),
(19, 'Ladak', 'LA', 0),
(20, 'Lakshadweep', 'LD', 0),
(21, 'Madhya Pradesh', 'MP', 0),
(22, 'Maharashtra', 'MH', 0),
(23, 'Manipur', 'MN', 0),
(24, 'Meghalay', 'ML', 0),
(25, 'Mizoram', 'MZ', 0),
(26, 'Nagaland', 'NL', 0),
(27, 'Odisha', 'OD', 0),
(28, 'Puducherry', 'WB', 0),
(29, 'Punjab', 'PY', 0),
(30, 'Rajasthan', 'PB', 0),
(31, 'Sikkim', 'RJ', 0),
(32, 'Tamilnadu', 'SK', 0),
(33, 'Telangana', 'TN', 0),
(34, 'Tripura', 'TS', 0),
(35, 'Uttar Pradesh', 'TR', 0),
(36, 'Utttakhand', 'UP', 0),
(37, 'West Bengal', 'OT', 0);

-- --------------------------------------------------------

--
-- Table structure for table `transactions`
--

CREATE TABLE `transactions` (
  `TransactionId` int(11) NOT NULL,
  `UserId` int(11) DEFAULT NULL,
  `TransactionAmount` decimal(10,2) DEFAULT NULL,
  `Balance` decimal(10,2) DEFAULT NULL,
  `TransactionDate` date DEFAULT NULL
) ENGINE=InnoDB DEFAULT CHARSET=utf8;

--
-- Dumping data for table `transactions`
--

INSERT INTO `transactions` (`TransactionId`, `UserId`, `TransactionAmount`, `Balance`, `TransactionDate`) VALUES
(1, 4, '5000.00', '2000.00', '2020-05-14'),
(2, 5, '6000.00', '2000.00', '2020-05-20');

-- --------------------------------------------------------

--
-- Table structure for table `users`
--

CREATE TABLE `users` (
  `UserID` int(11) NOT NULL,
  `Name` varchar(45) DEFAULT NULL
) ENGINE=InnoDB DEFAULT CHARSET=utf8;

--
-- Dumping data for table `users`
--

INSERT INTO `users` (`UserID`, `Name`) VALUES
(4, 'Lakshman'),
(5, 'Indra');

--
-- Indexes for dumped tables
--

--
-- Indexes for table `count`
--
ALTER TABLE `count`
  ADD PRIMARY KEY (`ID`),
  ADD UNIQUE KEY `ID` (`ID`);

--
-- Indexes for table `district`
--
ALTER TABLE `district`
  ADD PRIMARY KEY (`ID`),
  ADD UNIQUE KEY `ID` (`ID`);

--
-- Indexes for table `state`
--
ALTER TABLE `state`
  ADD PRIMARY KEY (`ID`),
  ADD UNIQUE KEY `ID` (`ID`);

--
-- Indexes for table `transactions`
--
ALTER TABLE `transactions`
  ADD PRIMARY KEY (`TransactionId`);

--
-- Indexes for table `users`
--
ALTER TABLE `users`
  ADD PRIMARY KEY (`UserID`);

--
-- AUTO_INCREMENT for dumped tables
--

--
-- AUTO_INCREMENT for table `transactions`
--
ALTER TABLE `transactions`
  MODIFY `TransactionId` int(11) NOT NULL AUTO_INCREMENT, AUTO_INCREMENT=8;

--
-- AUTO_INCREMENT for table `users`
--
ALTER TABLE `users`
  MODIFY `UserID` int(11) NOT NULL AUTO_INCREMENT, AUTO_INCREMENT=6;
COMMIT;

/*!40101 SET CHARACTER_SET_CLIENT=@OLD_CHARACTER_SET_CLIENT */;
/*!40101 SET CHARACTER_SET_RESULTS=@OLD_CHARACTER_SET_RESULTS */;
/*!40101 SET COLLATION_CONNECTION=@OLD_COLLATION_CONNECTION */;
